,Type,Statistic,Degrees of Freedom,Significance (p-value)
0,Pearson,54445.804414396924,5693,0.0
1,Deviance,7047.060486578081,5693,1.736819980345942e-32
